"DESCRIPTION","DURATION IN MS","NAME","PARENT SUITE","START TIME","STATUS","STOP TIME","SUB SUITE","SUITE","TEST CLASS","TEST METHOD"
"
        This method tests the creation of a board.
        ","8688","test_board_creation","tests","Wed Sep 24 12:36:43 UTC 2025","passed","Wed Sep 24 12:36:52 UTC 2025","TestHome > test_board_creation","firefox - desktop [firefox 1200x800]","",""
"","6923","test_page_health","tests","Wed Sep 24 12:37:14 UTC 2025","passed","Wed Sep 24 12:37:21 UTC 2025","TestLogin > test_page_health","firefox - desktop [firefox 1200x800]","",""
"
        This method tests adding a card to a list.
        ","76074","test_add_card_to_list","tests","Wed Sep 24 12:35:18 UTC 2025","passed","Wed Sep 24 12:36:34 UTC 2025","TestHome > test_add_card_to_list","firefox - desktop [firefox 1200x800]","",""
"
        This method tests adding a list to a board.
        ","8951","test_add_list_to_board","tests","Wed Sep 24 12:36:34 UTC 2025","passed","Wed Sep 24 12:36:43 UTC 2025","TestHome > test_add_list_to_board","firefox - desktop [firefox 1200x800]","",""
"
        This method checks if the home page is healthy by verifying the title.
        ","7704","test_page_health","tests","Wed Sep 24 12:36:52 UTC 2025","passed","Wed Sep 24 12:37:00 UTC 2025","TestHome > test_page_health","firefox - desktop [firefox 1200x800]","",""
"","7347","test_login_with_invalid_credentials","tests","Wed Sep 24 12:37:00 UTC 2025","passed","Wed Sep 24 12:37:07 UTC 2025","TestLogin > test_login_with_invalid_credentials","firefox - desktop [firefox 1200x800]","",""
"","7097","test_login_with_valid_credentials","tests","Wed Sep 24 12:37:07 UTC 2025","passed","Wed Sep 24 12:37:14 UTC 2025","TestLogin > test_login_with_valid_credentials","firefox - desktop [firefox 1200x800]","",""
